<annotation>
	<folder>apple</folder>
	<filename>203.jpg</filename>
	<path>/home/darshil/Desktop/google_colab/apple/203.jpg</path>
	<source>
		<database>Unknown</database>
	</source>
	<size>
		<width>340</width>
		<height>340</height>
		<depth>3</depth>
	</size>
	<segmented>0</segmented>
	<object>
		<name>apple</name>
		<pose>Unspecified</pose>
		<truncated>0</truncated>
		<difficult>0</difficult>
		<bndbox>
			<xmin>66</xmin>
			<ymin>33</ymin>
			<xmax>302</xmax>
			<ymax>275</ymax>
		</bndbox>
	</object>
</annotation>
