<annotation>
	<folder>apple</folder>
	<filename>222.jpg</filename>
	<path>/home/darshil/Desktop/google_colab/apple/222.jpg</path>
	<source>
		<database>Unknown</database>
	</source>
	<size>
		<width>340</width>
		<height>340</height>
		<depth>3</depth>
	</size>
	<segmented>0</segmented>
	<object>
		<name>apple</name>
		<pose>Unspecified</pose>
		<truncated>0</truncated>
		<difficult>0</difficult>
		<bndbox>
			<xmin>36</xmin>
			<ymin>37</ymin>
			<xmax>291</xmax>
			<ymax>290</ymax>
		</bndbox>
	</object>
</annotation>
