<annotation>
	<folder>apple</folder>
	<filename>223.jpg</filename>
	<path>/home/darshil/Desktop/google_colab/apple/223.jpg</path>
	<source>
		<database>Unknown</database>
	</source>
	<size>
		<width>340</width>
		<height>340</height>
		<depth>3</depth>
	</size>
	<segmented>0</segmented>
	<object>
		<name>apple</name>
		<pose>Unspecified</pose>
		<truncated>0</truncated>
		<difficult>0</difficult>
		<bndbox>
			<xmin>85</xmin>
			<ymin>30</ymin>
			<xmax>336</xmax>
			<ymax>265</ymax>
		</bndbox>
	</object>
</annotation>
