<annotation>
	<folder>apple</folder>
	<filename>224.jpg</filename>
	<path>/home/darshil/Desktop/google_colab/apple/224.jpg</path>
	<source>
		<database>Unknown</database>
	</source>
	<size>
		<width>340</width>
		<height>340</height>
		<depth>3</depth>
	</size>
	<segmented>0</segmented>
	<object>
		<name>apple</name>
		<pose>Unspecified</pose>
		<truncated>1</truncated>
		<difficult>0</difficult>
		<bndbox>
			<xmin>25</xmin>
			<ymin>1</ymin>
			<xmax>273</xmax>
			<ymax>242</ymax>
		</bndbox>
	</object>
</annotation>
