<annotation>
	<folder>apple</folder>
	<filename>226.jpg</filename>
	<path>/home/darshil/Desktop/google_colab/apple/226.jpg</path>
	<source>
		<database>Unknown</database>
	</source>
	<size>
		<width>340</width>
		<height>340</height>
		<depth>3</depth>
	</size>
	<segmented>0</segmented>
	<object>
		<name>apple</name>
		<pose>Unspecified</pose>
		<truncated>1</truncated>
		<difficult>0</difficult>
		<bndbox>
			<xmin>34</xmin>
			<ymin>1</ymin>
			<xmax>263</xmax>
			<ymax>246</ymax>
		</bndbox>
	</object>
</annotation>
