<annotation>
	<folder>apple</folder>
	<filename>232.jpg</filename>
	<path>/home/darshil/Desktop/google_colab/apple/232.jpg</path>
	<source>
		<database>Unknown</database>
	</source>
	<size>
		<width>260</width>
		<height>260</height>
		<depth>3</depth>
	</size>
	<segmented>0</segmented>
	<object>
		<name>apple</name>
		<pose>Unspecified</pose>
		<truncated>0</truncated>
		<difficult>0</difficult>
		<bndbox>
			<xmin>10</xmin>
			<ymin>11</ymin>
			<xmax>236</xmax>
			<ymax>236</ymax>
		</bndbox>
	</object>
</annotation>
