<annotation>
	<folder>apple</folder>
	<filename>233.jpg</filename>
	<path>/home/darshil/Desktop/google_colab/apple/233.jpg</path>
	<source>
		<database>Unknown</database>
	</source>
	<size>
		<width>260</width>
		<height>260</height>
		<depth>3</depth>
	</size>
	<segmented>0</segmented>
	<object>
		<name>apple</name>
		<pose>Unspecified</pose>
		<truncated>0</truncated>
		<difficult>0</difficult>
		<bndbox>
			<xmin>9</xmin>
			<ymin>11</ymin>
			<xmax>241</xmax>
			<ymax>246</ymax>
		</bndbox>
	</object>
</annotation>
