<annotation>
	<folder>apple</folder>
	<filename>246.jpg</filename>
	<path>/home/darshil/Desktop/google_colab/apple/246.jpg</path>
	<source>
		<database>Unknown</database>
	</source>
	<size>
		<width>260</width>
		<height>260</height>
		<depth>3</depth>
	</size>
	<segmented>0</segmented>
	<object>
		<name>apple</name>
		<pose>Unspecified</pose>
		<truncated>1</truncated>
		<difficult>0</difficult>
		<bndbox>
			<xmin>1</xmin>
			<ymin>1</ymin>
			<xmax>233</xmax>
			<ymax>239</ymax>
		</bndbox>
	</object>
</annotation>
