<annotation>
	<folder>apple</folder>
	<filename>106.jpg</filename>
	<path>/home/darshil/Desktop/google_colab/apple/106.jpg</path>
	<source>
		<database>Unknown</database>
	</source>
	<size>
		<width>120</width>
		<height>120</height>
		<depth>3</depth>
	</size>
	<segmented>0</segmented>
	<object>
		<name>apple</name>
		<pose>Unspecified</pose>
		<truncated>0</truncated>
		<difficult>0</difficult>
		<bndbox>
			<xmin>21</xmin>
			<ymin>34</ymin>
			<xmax>96</xmax>
			<ymax>102</ymax>
		</bndbox>
	</object>
</annotation>
