<annotation>
	<folder>apple</folder>
	<filename>134.jpg</filename>
	<path>/home/darshil/Desktop/google_colab/apple/134.jpg</path>
	<source>
		<database>Unknown</database>
	</source>
	<size>
		<width>120</width>
		<height>120</height>
		<depth>3</depth>
	</size>
	<segmented>0</segmented>
	<object>
		<name>apple</name>
		<pose>Unspecified</pose>
		<truncated>0</truncated>
		<difficult>0</difficult>
		<bndbox>
			<xmin>5</xmin>
			<ymin>44</ymin>
			<xmax>70</xmax>
			<ymax>110</ymax>
		</bndbox>
	</object>
</annotation>
