<annotation>
	<folder>apple</folder>
	<filename>144.jpg</filename>
	<path>/home/darshil/Desktop/google_colab/apple/144.jpg</path>
	<source>
		<database>Unknown</database>
	</source>
	<size>
		<width>120</width>
		<height>120</height>
		<depth>3</depth>
	</size>
	<segmented>0</segmented>
	<object>
		<name>apple</name>
		<pose>Unspecified</pose>
		<truncated>0</truncated>
		<difficult>0</difficult>
		<bndbox>
			<xmin>14</xmin>
			<ymin>43</ymin>
			<xmax>82</xmax>
			<ymax>109</ymax>
		</bndbox>
	</object>
</annotation>
