<annotation>
	<folder>apple</folder>
	<filename>188.jpg</filename>
	<path>/home/darshil/Desktop/google_colab/apple/188.jpg</path>
	<source>
		<database>Unknown</database>
	</source>
	<size>
		<width>340</width>
		<height>340</height>
		<depth>3</depth>
	</size>
	<segmented>0</segmented>
	<object>
		<name>apple</name>
		<pose>Unspecified</pose>
		<truncated>0</truncated>
		<difficult>0</difficult>
		<bndbox>
			<xmin>34</xmin>
			<ymin>90</ymin>
			<xmax>274</xmax>
			<ymax>317</ymax>
		</bndbox>
	</object>
</annotation>
