<annotation>
	<folder>apple</folder>
	<filename>194.jpg</filename>
	<path>/home/darshil/Desktop/google_colab/apple/194.jpg</path>
	<source>
		<database>Unknown</database>
	</source>
	<size>
		<width>340</width>
		<height>340</height>
		<depth>3</depth>
	</size>
	<segmented>0</segmented>
	<object>
		<name>apple</name>
		<pose>Unspecified</pose>
		<truncated>0</truncated>
		<difficult>0</difficult>
		<bndbox>
			<xmin>45</xmin>
			<ymin>60</ymin>
			<xmax>279</xmax>
			<ymax>294</ymax>
		</bndbox>
	</object>
</annotation>
