<annotation>
	<folder>apple</folder>
	<filename>195.jpg</filename>
	<path>/home/darshil/Desktop/google_colab/apple/195.jpg</path>
	<source>
		<database>Unknown</database>
	</source>
	<size>
		<width>340</width>
		<height>340</height>
		<depth>3</depth>
	</size>
	<segmented>0</segmented>
	<object>
		<name>apple</name>
		<pose>Unspecified</pose>
		<truncated>0</truncated>
		<difficult>0</difficult>
		<bndbox>
			<xmin>42</xmin>
			<ymin>48</ymin>
			<xmax>277</xmax>
			<ymax>287</ymax>
		</bndbox>
	</object>
</annotation>
